{
  "normal": [
    0.5311220311220312,
    1297,
    2442,
    445
  ],
  "overall": [
    0.5311220311220312,
    1297,
    2442,
    445
  ]
}