{
  "normal": [
    0.4053417124901807,
    331,
    1273,
    516
  ],
  "overall": [
    0.4053417124901807,
    331,
    1273,
    516
  ]
}